algorithm	benchmark	containers	elements	execution-count	generators	lower-q	manufacturerModel	median	millisec	nelements	now	nthreads	sample-count	tail-quantile	threads	total-time	upper-q	value	warmup-executions
inline	transduce	realized	ufloat	102	realized-ufloat	12.54537494117647	LENOVO.20HRCTO1WW	12.784231965686274	12.881821494117649	131072	20171215-1812	2	50	0.05	2	65.675592678	13.461572395588236	4.5604278479E10	921
manual_rmf	transduce	realized	ufloat	95	realized-ufloat	10.159550252631579	LENOVO.20HRCTO1WW	10.4843872	10.325595609263159	131072	20171215-1813	2	50	0.05	2	49.046346549	10.557918324210526	4.5603522207951904E10	1236
transducer_rmf	transduce	realized	ufloat	96	realized-ufloat	9.923554395833333	LENOVO.20HRCTO1WW	10.120193489583333	10.16166982229167	131072	20171215-1815	2	50	0.05	2	48.775040991	10.423385564583333	4.5604278479E10	1216
rmf	transduce	realized	ufloat	28	realized-ufloat	34.323607107142855	LENOVO.20HRCTO1WW	35.02389183928572	35.21404139428571	131072	20171215-1817	2	50	0.05	2	49.30066987	36.17008563928571	4.5604278479E10	346
fn	transduce	realized	ufloat	29	realized-ufloat	34.21367941379311	LENOVO.20HRCTO1WW	35.268849172413795	35.21047645586207	131072	20171215-1819	2	50	0.05	2	51.060432446	36.20662705344828	4.5604278479E10	356
