algorithm	benchmark	containers	elements	execution-count	generators	lower-q	manufacturerModel	median	millisec	nelements	now	nthreads	sample-count	tail-quantile	threads	total-time	upper-q	value	warmup-executions
inline	transduce	realized	ufloat	5167	realized-ufloat	0.19895392026320885	LENOVO.20HRCTO1WW	0.1995923431391523	0.20099045291271533	2048	20171219-0554	2	50	0.05	2	51.921614214	0.2064786353783627	7.33485685E8	133231
manual_rmf	transduce	realized	ufloat	6086	realized-ufloat	0.16710252152481106	LENOVO.20HRCTO1WW	0.1697130125698324	0.1717824505257969	2048	20171219-0557	2	50	0.05	2	52.251245169	0.17550421756490303	7.33485685E8	153490
transducer_rmf	transduce	realized	ufloat	6120	realized-ufloat	0.16855719738562092	LENOVO.20HRCTO1WW	0.17369478872549018	0.1718760965	2048	20171219-0600	2	50	0.05	2	52.594238447	0.1767293685866013	7.33485685E8	143981
rmf	transduce	realized	ufloat	1833	realized-ufloat	0.527818979268958	LENOVO.20HRCTO1WW	0.5360332566830333	0.5388286698854338	2048	20171219-0602	2	50	0.05	2	49.358513957	0.543880357064921	7.33485685E8	46945
fn	transduce	realized	ufloat	1861	realized-ufloat	0.5289907066093498	LENOVO.20HRCTO1WW	0.5339931894142934	0.5344536914884471	2048	20171219-0605	2	50	0.05	2	49.727271581	0.5399823315421817	7.33485685E8	46628
