algorithm	benchmark	containers	elements	execution-count	generators	lower-q	manufacturerModel	median	millisec	nelements	now	nthreads	sample-count	tail-quantile	threads	total-time	upper-q	value	warmup-executions
inline	transduce	array_of_float	ufloat	458	array_of_float-ufloat	2.181782587336245	LENOVO.20ERCTO1WW	2.1891796397379912	2.1904121943231445	262145	20210131-2232	6	50	0.05	6	50.15967175	2.2037552947598256	2.7563757976133234E11	8431
manual_rmf	transduce	array_of_float	ufloat	138	array_of_float-ufloat	7.29073793478261	LENOVO.20ERCTO1WW	7.79107670289855	7.347720355072465	262145	20210131-2235	6	50	0.05	6	50.68313945	7.550306086956523	2.75233965596E11	2791
transducer_rmf	transduce	array_of_float	ufloat	37	array_of_float-ufloat	27.006858081081084	LENOVO.20ERCTO1WW	27.121813486486488	27.33948445945946	262145	20210131-2237	6	50	0.05	6	50.57938755	27.677991324324328	2.75233965596E11	721
rmf	transduce	array_of_float	ufloat	12	array_of_float-ufloat	89.39457091666668	LENOVO.20ERCTO1WW	90.26145008333333	90.73054108333334	262145	20210131-2239	6	50	0.05	6	54.43646065	92.21601258333334	2.75233965596E11	211
fn	transduce	array_of_float	ufloat	12	array_of_float-ufloat	89.18738216666668	LENOVO.20ERCTO1WW	89.95761258333333	90.80703741666667	262145	20210131-2241	6	50	0.05	6	54.47703375	92.41271591666668	2.75233965596E11	196
