algorithm	benchmark	containers	elements	execution-count	generators	lower-q	manufacturerModel	median	millisec	nelements	now	nthreads	sample-count	tail-quantile	threads	total-time	upper-q	value	warmup-executions
inline	transduce	array_list	ufloat	1826	array_list-ufloat	0.3688084463307777	LENOVO.20ERCTO1WW	0.37572164457831325	0.3776713247535597	16385	20210131-1933	6	50	0.05	6	34.48657145	0.38487082311062437	1.7170128124821287E10	32788
manual_rmf	transduce	array_list	ufloat	699	array_list-ufloat	1.4210671502145924	LENOVO.20ERCTO1WW	1.4288162203147354	1.4374077110157368	16385	20210131-1935	6	50	0.05	6	50.2336437	1.4723212632331901	1.7145014376E10	13423
transducer_rmf	transduce	array_list	ufloat	1484	array_list-ufloat	0.670497185309973	LENOVO.20ERCTO1WW	0.6803563834231806	0.6757266138814016	16385	20210131-1937	6	50	0.05	6	50.13905255	0.680882697439353	1.7145014376E10	26785
rmf	transduce	array_list	ufloat	443	array_list-ufloat	2.2538090428893907	LENOVO.20ERCTO1WW	2.2585929706546275	2.262925020316027	16385	20210131-1939	6	50	0.05	6	50.1219818	2.273877169300226	1.7145014376E10	8299
fn	transduce	array_list	ufloat	445	array_list-ufloat	2.255519894382023	LENOVO.20ERCTO1WW	2.2638412988764043	2.262731564044944	16385	20210131-1942	6	50	0.05	6	50.3394277	2.269964568539326	1.7145014376E10	8449
