algorithm	benchmark	containers	elements	execution-count	generators	lower-q	manufacturerModel	median	millisec	nelements	now	nthreads	sample-count	tail-quantile	threads	total-time	upper-q	value	warmup-executions
inline	transduce	array_of_float	ufloat	1661	array_of_float-ufloat	0.5993792281757977	LENOVO.20ERCTO1WW	0.6022400349187237	0.6027148296207104	65537	20210131-2057	6	50	0.05	6	50.0557134	0.6069594810355208	6.884448360803247E10	28633
manual_rmf	transduce	array_of_float	ufloat	540	array_of_float-ufloat	1.854144664814815	LENOVO.20ERCTO1WW	1.85569035	1.8574393944444447	65537	20210131-2059	6	50	0.05	6	50.15030175	1.8614817296296298	6.8743644475E10	9919
transducer_rmf	transduce	array_of_float	ufloat	142	array_of_float-ufloat	7.0681761901408455	LENOVO.20ERCTO1WW	7.081520204225352	7.09014040140845	65537	20210131-2101	6	50	0.05	6	50.33924345	7.119164077464789	6.8743644475E10	2821
rmf	transduce	array_of_float	ufloat	42	array_of_float-ufloat	23.838219738095237	LENOVO.20ERCTO1WW	23.970519738095238	24.064370166666667	65537	20210131-2103	6	50	0.05	6	50.52994175	24.336331761904763	6.8743644475E10	829
fn	transduce	array_of_float	ufloat	43	array_of_float-ufloat	23.885000558139538	LENOVO.20ERCTO1WW	24.167530790697676	24.15526153488372	65537	20210131-2106	6	50	0.05	6	51.9278076	24.35966369767442	6.8743644475E10	829
