algorithm	benchmark	containers	elements	execution-count	generators	lower-q	manufacturerModel	median	millisec	nelements	now	nthreads	sample-count	tail-quantile	threads	total-time	upper-q	value	warmup-executions
inline	transduce	realized	ufloat	36	realized-ufloat	25.92190425	LENOVO.20ERCTO1WW	26.22892786111111	26.27804052777778	262145	20210131-2344	6	50	0.05	6	47.30060435	26.53069563888889	2.74504602894E11	709
manual_rmf	transduce	realized	ufloat	30	realized-ufloat	33.3623626	LENOVO.20ERCTO1WW	33.97841593333333	33.872738866666666	262145	20210131-2347	6	50	0.05	6	50.8067653	34.40859593333334	2.74504602894E11	551
transducer_rmf	transduce	realized	ufloat	30	realized-ufloat	33.830822600000005	LENOVO.20ERCTO1WW	34.2141776	34.323861	262145	20210131-2349	6	50	0.05	6	51.4884958	34.7057341	2.74504602894E11	521
rmf	transduce	realized	ufloat	11	realized-ufloat	92.42168681818181	LENOVO.20ERCTO1WW	94.8387140909091	93.68562918181817	262145	20210131-2351	6	50	0.05	6	51.53061785	95.12458681818183	2.74504602894E11	186
fn	transduce	realized	ufloat	11	realized-ufloat	92.21661409090909	LENOVO.20ERCTO1WW	92.96463227272727	93.72025663636364	262145	20210131-2353	6	50	0.05	6	51.54137655	95.47833863636365	2.74504602894E11	217
