algorithm	benchmark	containers	elements	execution-count	generators	lower-q	manufacturerModel	median	millisec	nelements	now	nthreads	sample-count	tail-quantile	threads	total-time	upper-q	value	warmup-executions
inline	transduce	array_of_float	ufloat	4943	array_of_float-ufloat	0.20094138337042283	LENOVO.20ERCTO1WW	0.2052554942342707	0.20452654420392474	16385	20210131-1921	6	50	0.05	6	50.5473718	0.20809574610560388	1.718934693370435E10	84646
manual_rmf	transduce	array_of_float	ufloat	1866	array_of_float-ufloat	0.5281490669882101	LENOVO.20ERCTO1WW	0.5419515321543409	0.5403666725616293	16385	20210131-1923	6	50	0.05	6	50.41708215	0.554000961414791	1.7164057772E10	34630
transducer_rmf	transduce	array_of_float	ufloat	542	array_of_float-ufloat	1.8486468284132844	LENOVO.20ERCTO1WW	1.9070389870848707	1.8601515996309965	16385	20210131-1925	6	50	0.05	6	50.39843255	1.8708809520295206	1.7164057772E10	10207
rmf	transduce	array_of_float	ufloat	160	array_of_float-ufloat	6.2113165312500005	LENOVO.20ERCTO1WW	6.22100059375	6.2453068937500005	16385	20210131-1928	6	50	0.05	6	49.96306385	6.2755128125	1.7164057772E10	3229
fn	transduce	array_of_float	ufloat	161	array_of_float-ufloat	6.2117008757763985	LENOVO.20ERCTO1WW	6.23658752173913	6.241467223602485	16385	20210131-1930	6	50	0.05	6	50.24420145	6.268759881987578	1.7164057772E10	3241
