algorithm	benchmark	containers	elements	execution-count	generators	lower-q	manufacturerModel	median	millisec	nelements	now	nthreads	sample-count	tail-quantile	threads	total-time	upper-q	value	warmup-executions
inline	transduce	array_list	ufloat	342	array_list-ufloat	1.3015308333333335	LENOVO.20ERCTO1WW	1.304428216374269	1.3052247894736844	65537	20210131-2108	6	50	0.05	6	22.3192014	1.3107438450292397	6.87922009098796E10	6427
manual_rmf	transduce	array_list	ufloat	184	array_list-ufloat	5.434549168478261	LENOVO.20ERCTO1WW	5.454500798913044	5.46173078804348	65537	20210131-2111	6	50	0.05	6	50.24265535	5.477750418478261	6.8691334342E10	3649
transducer_rmf	transduce	array_list	ufloat	404	array_list-ufloat	2.476739717821782	LENOVO.20ERCTO1WW	2.4843846435643564	2.483811287128713	65537	20210131-2113	6	50	0.05	6	50.1731696	2.491678616336634	6.8691334342E10	7759
rmf	transduce	array_list	ufloat	115	array_list-ufloat	8.741606347826089	LENOVO.20ERCTO1WW	8.84547895652174	8.796987495652175	65537	20210131-2115	6	50	0.05	6	50.5697925	8.873054608695654	6.8691334342E10	2293
fn	transduce	array_list	ufloat	115	array_list-ufloat	8.749194173913043	LENOVO.20ERCTO1WW	8.75052504347826	8.781490469565219	65537	20210131-2117	6	50	0.05	6	50.4904613	8.819527565217392	6.8691334342E10	2281
