algorithm	benchmark	containers	elements	execution-count	generators	lower-q	manufacturerModel	median	millisec	nelements	now	nthreads	sample-count	tail-quantile	threads	total-time	upper-q	value	warmup-executions
inline	transduce	lazy_sequence	ufloat	37	lazy_sequence-ufloat	25.983963486486488	LENOVO.20ERCTO1WW	26.33816754054054	26.325753972972976	262145	20210131-2332	6	50	0.05	6	48.70432765	26.69704443243244	2.74953626823E11	733
manual_rmf	transduce	lazy_sequence	ufloat	30	lazy_sequence-ufloat	33.560722600000005	LENOVO.20ERCTO1WW	33.7746776	34.01068153333334	262145	20210131-2334	6	50	0.05	6	51.0067175	34.546189266666666	2.74953626823E11	516
transducer_rmf	transduce	lazy_sequence	ufloat	30	lazy_sequence-ufloat	33.536573266666664	LENOVO.20ERCTO1WW	34.388169266666665	34.26809973333334	262145	20210131-2337	6	50	0.05	6	51.4002352	34.90959393333333	2.74953626823E11	589
rmf	transduce	lazy_sequence	ufloat	11	lazy_sequence-ufloat	92.54418681818181	LENOVO.20ERCTO1WW	94.23118227272727	93.88754609090908	262145	20210131-2339	6	50	0.05	6	51.63690705	94.86282227272727	2.74953626823E11	191
fn	transduce	lazy_sequence	ufloat	11	lazy_sequence-ufloat	92.89060500000001	LENOVO.20ERCTO1WW	93.552805	94.00592409090909	262145	20210131-2341	6	50	0.05	6	51.69858635	95.18410909090909	2.74953626823E11	211
