algorithm	benchmark	containers	elements	execution-count	generators	lower-q	manufacturerModel	median	millisec	nelements	now	nthreads	sample-count	tail-quantile	threads	total-time	upper-q	value	warmup-executions
inline	transduce	array_list	ufloat	81	array_list-ufloat	4.894629246913581	LENOVO.20ERCTO1WW	4.907393444444445	4.913165864197531	262145	20210131-2244	6	50	0.05	6	19.89608695	4.943295604938272	2.752676757621256E11	1633
manual_rmf	transduce	array_list	ufloat	48	array_list-ufloat	20.703073000000003	LENOVO.20ERCTO1WW	21.039077166666665	20.941236708333335	262145	20210131-2246	6	50	0.05	6	50.2568873	21.131031958333335	2.74865106398E11	955
transducer_rmf	transduce	array_list	ufloat	104	array_list-ufloat	9.62522283653846	LENOVO.20ERCTO1WW	9.654679567307692	9.659252125	262145	20210131-2249	6	50	0.05	6	50.22720205	9.693503653846154	2.74865106398E11	2125
rmf	transduce	array_list	ufloat	30	array_list-ufloat	33.024702600000005	LENOVO.20ERCTO1WW	33.606714266666664	33.710451400000004	262145	20210131-2251	6	50	0.05	6	50.5659913	34.29204943333333	2.74865106398E11	589
fn	transduce	array_list	ufloat	31	array_list-ufloat	33.290644322580654	LENOVO.20ERCTO1WW	33.70524593548387	33.65952361290323	262145	20210131-2253	6	50	0.05	6	52.1745152	34.17814222580646	2.74865106398E11	589
